{
    "CatBoost_Improved": {
        "timestamp": "2026-03-20T00:11:02.469727",
        "mood": {
            "test_r2": 0.12298025213373476,
            "cv_r2_mean": -1.3883434106649948,
            "baseline_r2": 0.04292895201844127
        },
        "productivity": {
            "test_r2": -0.30449412324386693,
            "cv_r2_mean": -2.4983410764298113,
            "baseline_r2": -0.12795057235065999
        }
    }
}